product_id,total_sales
P2,472.59000000000003
P1,619.4399999999999
